<!DOCTYPE PATCH  SYSTEM "http://vvvv.org/versions/vvvv40beta22.dtd" >
   <PATCH nodename="C:\jobs\kimchi and chips\xorbis\poly example\main.v4p">
   <BOUNDS height="7995" left="2010" top="5895" type="Window" width="14580">
   </BOUNDS>
   <NODE componentmode="InABox" id="76" nodename="Renderer (EX9)">
   <BOUNDS height="0" left="150" top="7665" type="Node" width="0">
   </BOUNDS>
   <BOUNDS height="8835" left="150" top="7665" type="Box" width="10920">
   </BOUNDS>
   <BOUNDS height="4860" left="8295" top="5865" type="Window" width="6120">
   </BOUNDS>
   <PIN pinname="Layers" visible="1">
   </PIN>
   <PIN pinname="Windowed Depthbuffer Format" slicecount="1" values="D16">
   </PIN>
   <PIN pinname="Windowed Antialiasing Quality Level" slicecount="1" values="8">
   </PIN>
   <PIN pinname="View Transform" visible="1">
   </PIN>
   <PIN pinname="Projection Transform" visible="1">
   </PIN>
   <PIN pinname="X" visible="1">
   </PIN>
   <PIN pinname="Y" visible="1">
   </PIN>
   <PIN pinname="Left Button" visible="1">
   </PIN>
   <PIN pinname="Descriptive Name" slicecount="1" values="Source">
   </PIN>
   <PIN pinname="Right Button" visible="1">
   </PIN>
   </NODE>
   <NODE componentmode="Hidden" id="75" nodename=":EFFECTS:\GouraudDirectional.fx">
   <BOUNDS height="0" left="165" top="6450" type="Node" width="0">
   </BOUNDS>
   <BOUNDS height="6000" left="165" top="6450" type="Box" width="6000">
   </BOUNDS>
   <BOUNDS height="12000" left="6930" top="5160" type="Window" width="12000">
   </BOUNDS>
   <PIN pinname="Mesh" visible="1">
   </PIN>
   <PIN pinname="Layer" visible="1">
   </PIN>
   <PIN pinname="Light Direction XYZ" slicecount="3" values="0,-3.31,2">
   </PIN>
   </NODE>
   <NODE componentmode="Hidden" id="74" nodename="Intersect (3d Mesh Ray)">
   <BOUNDS height="270" left="810" top="4845" type="Node" width="1335">
   </BOUNDS>
   <PIN pinname="Mesh" visible="1">
   </PIN>
   <PIN pinname="Transform Line" visible="1">
   </PIN>
   <PIN pinname="Transform Mesh" slicecount="1" visible="1" values="||">
   </PIN>
   <PIN pinname="Intersection Point XYZ" visible="1">
   </PIN>
   </NODE>
   <NODE componentmode="Hidden" debug="0" id="73" nodename="Group (EX9)">
   <BOUNDS height="270" left="150" top="6885" type="Node" width="4890">
   </BOUNDS>
   <PIN pinname="Enabled" pintype="Input" slicecount="1" visible="-1" values="1">
   </PIN>
   <PIN pinname="Layer 1" visible="1">
   </PIN>
   <PIN pinname="Layer" visible="1">
   </PIN>
   <PIN pinname="Layer 2" visible="1">
   </PIN>
   <PIN pinname="Layer Template Count" slicecount="1" values="3">
   </PIN>
   <PIN pinname="Layer 3" visible="1">
   </PIN>
   </NODE>
   <LINK dstnodeid="73" dstpinname="Layer 1" srcnodeid="75" srcpinname="Layer">
   </LINK>
   <LINK dstnodeid="76" dstpinname="Layers" srcnodeid="73" srcpinname="Layer">
   </LINK>
   <NODE componentmode="Hidden" id="72" nodename="Sphere (DX9)">
   <BOUNDS height="0" left="2565" top="6450" type="Node" width="0">
   </BOUNDS>
   <PIN pinname="Layer" visible="1">
   </PIN>
   <PIN pinname="Transform" visible="1">
   </PIN>
   <PIN pinname="Color" visible="1">
   </PIN>
   <PIN pinname="Descriptive Name" slicecount="1" values="|source cursor|">
   </PIN>
   </NODE>
   <LINK dstnodeid="73" dstpinname="Layer 2" srcnodeid="72" srcpinname="Layer">
   </LINK>
   <NODE componentmode="Hidden" id="71" nodename="UniformScale (Transform)">
   <BOUNDS height="0" left="2745" top="6030" type="Node" width="0">
   </BOUNDS>
   <PIN pinname="Transform Out" visible="1">
   </PIN>
   <PIN pinname="XYZ" slicecount="1" values="0.03">
   </PIN>
   <PIN pinname="Transform In" visible="1">
   </PIN>
   </NODE>
   <LINK dstnodeid="72" dstpinname="Transform" srcnodeid="71" srcpinname="Transform Out">
   </LINK>
   <NODE componentmode="Hidden" id="70" nodename="HSL (Color Join)">
   <BOUNDS height="0" left="3885" top="6030" type="Node" width="0">
   </BOUNDS>
   <PIN pinname="Output" visible="1">
   </PIN>
   <PIN pinname="Hue" visible="1">
   </PIN>
   <PIN pinname="Lightness" slicecount="1" values="0.5">
   </PIN>
   <PIN pinname="Saturation" slicecount="10" visible="1" values="1,1,1,1,1,1,1,1,1,1">
   </PIN>
   </NODE>
   <LINK dstnodeid="72" dstpinname="Color" linkstyle="VHV" srcnodeid="70" srcpinname="Output">
   <LINKPOINT x="3915" y="6375">
   </LINKPOINT>
   <LINKPOINT x="3540" y="6375">
   </LINKPOINT>
   </LINK>
   <NODE componentmode="Hidden" id="69" nodename="Translate (Transform Vector)">
   <BOUNDS height="0" left="2745" top="5460" type="Node" width="0">
   </BOUNDS>
   <PIN pinname="Transform Out" visible="1">
   </PIN>
   <PIN pinname="XYZ" visible="1">
   </PIN>
   </NODE>
   <LINK dstnodeid="71" dstpinname="Transform In" srcnodeid="69" srcpinname="Transform Out">
   </LINK>
   <NODE componentmode="Hidden" id="68" nodename="Rotate (Transform)">
   <BOUNDS height="0" left="2070" top="4140" type="Node" width="0">
   </BOUNDS>
   <PIN pinname="Y" slicecount="1" values="-0.25">
   </PIN>
   <PIN pinname="Transform Out" visible="1">
   </PIN>
   <PIN pinname="Transform In" visible="1">
   </PIN>
   </NODE>
   <NODE componentmode="Hidden" id="67" nodename="Translate (Transform)">
   <BOUNDS height="0" left="2070" top="3705" type="Node" width="0">
   </BOUNDS>
   <PIN pinname="Transform Out" visible="1">
   </PIN>
   <PIN pinname="X" visible="1">
   </PIN>
   <PIN pinname="Y" visible="1">
   </PIN>
   <PIN pinname="Transform In" visible="1">
   </PIN>
   </NODE>
   <LINK dstnodeid="68" dstpinname="Transform In" srcnodeid="67" srcpinname="Transform Out">
   </LINK>
   <LINK dstnodeid="67" dstpinname="X" hiddenwhenlocked="1" linkstyle="Bezier" srcnodeid="76" srcpinname="X">
   <LINKPOINT x="180" y="6960">
   </LINKPOINT>
   <LINKPOINT x="2340" y="6960">
   </LINKPOINT>
   </LINK>
   <LINK dstnodeid="67" dstpinname="Y" hiddenwhenlocked="1" linkstyle="Bezier" srcnodeid="76" srcpinname="Y">
   <LINKPOINT x="765" y="6960">
   </LINKPOINT>
   <LINKPOINT x="2595" y="6960">
   </LINKPOINT>
   </LINK>
   <LINK dstnodeid="74" dstpinname="Transform Line" srcnodeid="68" srcpinname="Transform Out">
   </LINK>
   <NODE componentmode="Hidden" id="66" nodename="Inverse (Transform)">
   <BOUNDS height="0" left="2055" top="3375" type="Node" width="0">
   </BOUNDS>
   <PIN pinname="Transform Out" visible="1">
   </PIN>
   <PIN pinname="Source" visible="1">
   </PIN>
   </NODE>
   <LINK dstnodeid="67" dstpinname="Transform In" srcnodeid="66" srcpinname="Transform Out">
   </LINK>
   <NODE componentmode="InABox" id="65" nodename="IOBox (Value Advanced)">
   <BOUNDS height="0" left="3990" top="1590" type="Node" width="0">
   </BOUNDS>
   <BOUNDS height="690" left="3990" top="1590" type="Box" width="795">
   </BOUNDS>
   <BOUNDS height="160" left="9555" top="3870" type="Window" width="215">
   </BOUNDS>
   <PIN pinname="Descriptive Name" slicecount="1" values="|Source ID|">
   </PIN>
   <PIN pinname="Y Output Value" visible="1">
   </PIN>
   <PIN pinname="Size" slicecount="1" values="28">
   </PIN>
   <PIN pinname="Y Input Value" visible="1">
   </PIN>
   </NODE>
   <NODE componentmode="Hidden" id="64" nodename="PeakSpread (Spreads)">
   <BOUNDS height="0" left="4740" top="2550" type="Node" width="0">
   </BOUNDS>
   <PIN pinname="Input" visible="1">
   </PIN>
   <PIN pinname="Spread Count" slicecount="1" values="10">
   </PIN>
   <PIN pinname="Output" visible="1">
   </PIN>
   </NODE>
   <LINK dstnodeid="64" dstpinname="Input" srcnodeid="65" srcpinname="Y Output Value">
   </LINK>
   <NODE componentmode="InABox" id="63" nodename="IOBox (Value Advanced)">
   <BOUNDS height="0" left="4290" top="2940" type="Node" width="0">
   </BOUNDS>
   <BOUNDS height="1725" left="4290" top="2940" type="Box" width="510">
   </BOUNDS>
   <BOUNDS height="160" left="5025" top="1320" type="Window" width="215">
   </BOUNDS>
   <PIN pinname="Show Value" slicecount="1" values="0">
   </PIN>
   <PIN pinname="Show Slider" slicecount="1" values="1">
   </PIN>
   <PIN pinname="Minimum" slicecount="1" values="0">
   </PIN>
   <PIN pinname="Maximum" slicecount="1" values="1">
   </PIN>
   <PIN pinname="Slider Behavior" slicecount="1" values="Toggle">
   </PIN>
   <PIN pinname="Rows" slicecount="1" values="10">
   </PIN>
   <PIN pinname="Y Input Value" visible="1">
   </PIN>
   <PIN pinname="Show Grid" slicecount="1" values="1">
   </PIN>
   <PIN pinname="Y Output Value" visible="1">
   </PIN>
   </NODE>
   <LINK dstnodeid="63" dstpinname="Y Input Value" srcnodeid="64" srcpinname="Output">
   </LINK>
   <NODE componentmode="InABox" id="62" nodename="IOBox (Value Advanced)">
   <BOUNDS height="0" left="4860" top="2940" type="Node" width="0">
   </BOUNDS>
   <BOUNDS height="1725" left="4860" top="2940" type="Box" width="2775">
   </BOUNDS>
   <BOUNDS height="160" left="10335" top="5160" type="Window" width="215">
   </BOUNDS>
   <PIN pinname="Show Grid" slicecount="1" values="1">
   </PIN>
   <PIN pinname="Columns" slicecount="1" values="3">
   </PIN>
   <PIN pinname="Rows" slicecount="1" values="10">
   </PIN>
   <PIN pinname="SliceCount Mode" slicecount="1" values="Input">
   </PIN>
   <PIN pinname="Y Output Value" visible="1">
   </PIN>
   <PIN pinname="Y Input Value" visible="1">
   </PIN>
   <PIN pinname="Descriptive Name" slicecount="1" values="|Source points|">
   </PIN>
   </NODE>
   <LINK dstnodeid="69" dstpinname="XYZ" linkstyle="VHV" srcnodeid="62" srcpinname="Y Output Value">
   <LINKPOINT x="7605" y="5055">
   </LINKPOINT>
   <LINKPOINT x="3510" y="5055">
   </LINKPOINT>
   </LINK>
   <NODE componentmode="Hidden" id="61" nodename="S+H (Animation)">
   <BOUNDS height="270" left="7575" top="2445" type="Node" width="1095">
   </BOUNDS>
   <PIN pinname="Set" visible="1">
   </PIN>
   <PIN pinname="Output" visible="1">
   </PIN>
   <PIN pinname="Input" visible="1">
   </PIN>
   </NODE>
   <NODE componentmode="Hidden" id="60" nodename="Select (Value)">
   <BOUNDS height="0" left="8955" top="885" type="Node" width="0">
   </BOUNDS>
   <PIN pinname="Select" slicecount="1" values="3">
   </PIN>
   <PIN pinname="Input" visible="1">
   </PIN>
   <PIN pinname="Output" visible="1">
   </PIN>
   </NODE>
   <LINK dstnodeid="60" dstpinname="Input" hiddenwhenlocked="1" linkstyle="Bezier" srcnodeid="63" srcpinname="Y Output Value">
   <LINKPOINT x="4800" y="2970">
   </LINKPOINT>
   <LINKPOINT x="8160" y="2970">
   </LINKPOINT>
   </LINK>
   <NODE componentmode="Hidden" id="59" nodename="AND (Boolean)">
   <BOUNDS height="0" left="8955" top="1605" type="Node" width="0">
   </BOUNDS>
   <PIN pinname="Input 1" visible="1">
   </PIN>
   <PIN pinname="Input 2" visible="1">
   </PIN>
   <PIN pinname="Output" visible="1">
   </PIN>
   </NODE>
   <LINK dstnodeid="62" dstpinname="Y Input Value" srcnodeid="61" srcpinname="Output">
   </LINK>
   <NODE componentmode="InABox" id="58" nodename="Renderer (EX9)">
   <BOUNDS height="0" left="11550" top="7665" type="Node" width="0">
   </BOUNDS>
   <BOUNDS height="8790" left="11550" top="7665" type="Box" width="10110">
   </BOUNDS>
   <BOUNDS height="4860" left="4695" top="6645" type="Window" width="6120">
   </BOUNDS>
   <PIN pinname="Layers" visible="1">
   </PIN>
   <PIN pinname="View Transform" slicecount="1" visible="1" values="||">
   </PIN>
   <PIN pinname="Projection Transform" slicecount="1" visible="1" values="||">
   </PIN>
   <PIN pinname="Viewport Transform" pintype="Input" slicecount="1" visible="1" values="||">
   </PIN>
   <PIN pinname="Windowed Depthbuffer Format" slicecount="1" values="D16">
   </PIN>
   <PIN pinname="Windowed Antialiasing Quality Level" slicecount="1" values="8">
   </PIN>
   <PIN pinname="X" visible="1">
   </PIN>
   <PIN pinname="Y" visible="1">
   </PIN>
   <PIN pinname="Left Button" visible="1">
   </PIN>
   <PIN pinname="Descriptive Name" slicecount="1" values="Target">
   </PIN>
   </NODE>
   <NODE componentmode="InABox" id="57" nodename="Inspektor (VVVV)">
   <BOUNDS height="0" left="25680" top="2205" type="Node" width="0">
   </BOUNDS>
   <BOUNDS height="11400" left="25680" top="2205" type="Box" width="4680">
   </BOUNDS>
   <BOUNDS height="6900" left="15435" top="4905" type="Window" width="5200">
   </BOUNDS>
   </NODE>
   <NODE componentmode="Hidden" id="56" nodename="HSL (Color Join)">
   <BOUNDS height="0" left="15825" top="6285" type="Node" width="0">
   </BOUNDS>
   <PIN pinname="Output" visible="1">
   </PIN>
   <PIN pinname="Lightness" slicecount="1" values="0.5">
   </PIN>
   <PIN pinname="Hue" visible="1">
   </PIN>
   <PIN pinname="Saturation" slicecount="10" visible="1" values="1,1,1,1,1,1,1,1,1,1">
   </PIN>
   </NODE>
   <NODE componentmode="InABox" id="55" nodename="IOBox (Value Advanced)">
   <BOUNDS height="0" left="7860" top="2940" type="Node" width="0">
   </BOUNDS>
   <BOUNDS height="1710" left="7860" top="2940" type="Box" width="2040">
   </BOUNDS>
   <BOUNDS height="160" left="10635" top="5460" type="Window" width="215">
   </BOUNDS>
   <PIN pinname="Show Grid" slicecount="1" values="1">
   </PIN>
   <PIN pinname="Columns" slicecount="1" values="2">
   </PIN>
   <PIN pinname="Rows" slicecount="1" values="10">
   </PIN>
   <PIN pinname="SliceCount Mode" slicecount="1" values="Input">
   </PIN>
   <PIN pinname="Y Output Value" visible="1">
   </PIN>
   <PIN pinname="Y Input Value" visible="1">
   </PIN>
   <PIN pinname="Descriptive Name" slicecount="1" values="|Target points|">
   </PIN>
   </NODE>
   <NODE componentmode="Hidden" id="54" nodename="Vector (2d Split)">
   <BOUNDS height="0" left="21420" top="5265" type="Node" width="0">
   </BOUNDS>
   <PIN pinname="X" visible="1">
   </PIN>
   <PIN pinname="Y" visible="1">
   </PIN>
   <PIN pinname="XY" visible="1">
   </PIN>
   </NODE>
   <NODE componentmode="Hidden" id="53" nodename="Vector (3d Join)">
   <BOUNDS height="270" left="21435" top="5655" type="Node" width="1185">
   </BOUNDS>
   <PIN pinname="X" visible="1">
   </PIN>
   <PIN pinname="Y" visible="1">
   </PIN>
   <PIN pinname="XYZ" visible="1">
   </PIN>
   </NODE>
   <LINK dstnodeid="53" dstpinname="X" srcnodeid="54" srcpinname="X">
   </LINK>
   <LINK dstnodeid="53" dstpinname="Y" srcnodeid="54" srcpinname="Y">
   </LINK>
   <LINK dstnodeid="54" dstpinname="XY" linkstyle="VHV" srcnodeid="55" srcpinname="Y Output Value">
   <LINKPOINT x="9870" y="4950">
   </LINKPOINT>
   <LINKPOINT x="21450" y="4950">
   </LINKPOINT>
   </LINK>
   <NODE componentmode="Hidden" id="52" nodename="poly - 4coefficients.fx">
   <BOUNDS height="0" left="11850" top="6180" type="Node" width="0">
   </BOUNDS>
   <BOUNDS height="6000" left="11850" top="6180" type="Box" width="6000">
   </BOUNDS>
   <BOUNDS height="12000" left="195" top="195" type="Window" width="12000">
   </BOUNDS>
   <PIN pinname="Layer" visible="1">
   </PIN>
   <PIN pinname="Mesh" visible="1">
   </PIN>
   <PIN pinname="coefficients" visible="1">
   </PIN>
   <PIN pinname="basisindicies" slicecount="18" visible="1" values="0,0,0,0,0,0,0,0,0,0,0,0,0,0,0,0,0,0,0,0,0,0,0,0,0,0,0,0,0,0">
   </PIN>
   <PIN pinname="Render State" visible="1">
   </PIN>
   </NODE>
   <NODE componentmode="Hidden" id="51" nodename="Select (Value)">
   <BOUNDS height="0" left="11235" top="885" type="Node" width="0">
   </BOUNDS>
   <PIN pinname="Input" visible="1">
   </PIN>
   <PIN pinname="Select" slicecount="1" values="2">
   </PIN>
   <PIN pinname="Output" visible="1">
   </PIN>
   </NODE>
   <LINK dstnodeid="51" dstpinname="Input" hiddenwhenlocked="1" linkstyle="Bezier" srcnodeid="63" srcpinname="Y Output Value">
   <LINKPOINT x="4800" y="2970">
   </LINKPOINT>
   <LINKPOINT x="9075" y="2970">
   </LINKPOINT>
   </LINK>
   <NODE componentmode="Hidden" id="50" nodename="AND (Boolean)">
   <BOUNDS height="0" left="11220" top="1605" type="Node" width="0">
   </BOUNDS>
   <PIN pinname="Input 1" visible="1">
   </PIN>
   <PIN pinname="Input 2" visible="1">
   </PIN>
   <PIN pinname="Output" visible="1">
   </PIN>
   </NODE>
   <NODE componentmode="Hidden" id="49" nodename="S+H (Animation)">
   <BOUNDS height="270" left="9855" top="2550" type="Node" width="1080">
   </BOUNDS>
   <PIN pinname="Output" visible="1">
   </PIN>
   <PIN pinname="Set" visible="1">
   </PIN>
   <PIN pinname="Input" visible="1">
   </PIN>
   </NODE>
   <LINK dstnodeid="55" dstpinname="Y Input Value" srcnodeid="49" srcpinname="Output">
   </LINK>
   <NODE componentmode="Hidden" id="48" nodename="Vector (2d Join)">
   <BOUNDS height="270" left="11550" top="16800" type="Node" width="975">
   </BOUNDS>
   <PIN pinname="X" visible="1">
   </PIN>
   <PIN pinname="Y" visible="1">
   </PIN>
   <PIN pinname="XY" visible="1">
   </PIN>
   </NODE>
   <LINK dstnodeid="48" dstpinname="X" srcnodeid="58" srcpinname="X">
   </LINK>
   <LINK dstnodeid="48" dstpinname="Y" srcnodeid="58" srcpinname="Y">
   </LINK>
   <LINK dstnodeid="50" dstpinname="Input 2" hiddenwhenlocked="1" linkstyle="Bezier" srcnodeid="58" srcpinname="Left Button">
   <LINKPOINT x="17145" y="7845">
   </LINKPOINT>
   <LINKPOINT x="10935" y="7845">
   </LINKPOINT>
   </LINK>
   <NODE componentmode="InABox" id="46" nodename="IOBox (Value Advanced)">
   <BOUNDS height="0" left="11805" top="2625" type="Node" width="0">
   </BOUNDS>
   <BOUNDS height="1755" left="11805" top="2625" type="Box" width="2025">
   </BOUNDS>
   <BOUNDS height="160" left="14040" top="4485" type="Window" width="215">
   </BOUNDS>
   <PIN pinname="Y Input Value" visible="1">
   </PIN>
   <PIN pinname="Columns" slicecount="1" values="2">
   </PIN>
   <PIN pinname="Rows" slicecount="1" values="10">
   </PIN>
   <PIN pinname="Show Grid" slicecount="1" values="1">
   </PIN>
   <PIN pinname="Descriptive Name" slicecount="1" values="|Coefficients XY|">
   </PIN>
   <PIN pinname="Y Output Value" visible="1">
   </PIN>
   </NODE>
   <NODE componentmode="InABox" id="45" nodename="IOBox (Value Advanced)">
   <BOUNDS height="0" left="14355" top="2625" type="Node" width="0">
   </BOUNDS>
   <BOUNDS height="1755" left="14355" top="2625" type="Box" width="2025">
   </BOUNDS>
   <BOUNDS height="160" left="14340" top="4785" type="Window" width="215">
   </BOUNDS>
   <PIN pinname="Y Input Value" visible="1">
   </PIN>
   <PIN pinname="Columns" slicecount="1" values="3">
   </PIN>
   <PIN pinname="Rows" slicecount="1" values="10">
   </PIN>
   <PIN pinname="Show Grid" slicecount="1" values="1">
   </PIN>
   <PIN pinname="Descriptive Name" slicecount="1" values="|Basis indicies|">
   </PIN>
   <PIN pinname="Y Output Value" visible="1">
   </PIN>
   </NODE>
   <NODE componentmode="Hidden" id="44" nodename="Fill (EX9.RenderState)">
   <BOUNDS height="0" left="11460" top="5730" type="Node" width="0">
   </BOUNDS>
   <PIN pinname="Render State Out" visible="1">
   </PIN>
   <PIN pinname="Fill Mode" slicecount="1" values="WireFrame">
   </PIN>
   <PIN pinname="Render State In" slicecount="1" visible="1" values="||">
   </PIN>
   </NODE>
   <LINK dstnodeid="52" dstpinname="Render State" linkstyle="VHV" srcnodeid="44" srcpinname="Render State Out">
   <LINKPOINT x="11490" y="6240">
   </LINKPOINT>
   <LINKPOINT x="11880" y="6240">
   </LINKPOINT>
   </LINK>
   <NODE componentmode="Hidden" id="43" nodename="Transform (Transform 3d Vector)">
   <BOUNDS height="0" left="21225" top="6120" type="Node" width="0">
   </BOUNDS>
   <PIN pinname="Transform Out" visible="1">
   </PIN>
   <PIN pinname="Translate XYZ" visible="1">
   </PIN>
   <PIN pinname="Scale XYZ" slicecount="3" values="0.08,0.08,0.08">
   </PIN>
   </NODE>
   <LINK dstnodeid="43" dstpinname="Translate XYZ" srcnodeid="53" srcpinname="XYZ">
   </LINK>
   <NODE componentmode="Hidden" id="42" nodename="Blend (EX9.RenderState)">
   <BOUNDS height="0" left="14190" top="6480" type="Node" width="0">
   </BOUNDS>
   <PIN pinname="Draw Mode" slicecount="1" values="Add">
   </PIN>
   <PIN pinname="Render State Out" visible="1">
   </PIN>
   <PIN pinname="Render State In" slicecount="1" visible="1" values="||">
   </PIN>
   </NODE>
   <NODE componentmode="Hidden" hiddenwhenlocked="0" id="41" managers="" nodename="Group (EX9)">
   <PIN pinname="Layer 2" pintype="Input" visible="1">
   </PIN>
   <PIN pinname="Enabled" pintype="Input" slicecount="1" visible="-1" values="1">
   </PIN>
   <BOUNDS height="270" left="11550" top="7335" type="Node" width="3405">
   </BOUNDS>
   <PIN pinname="Layer" pintype="Output" visible="1">
   </PIN>
   <PIN pinname="Descriptive Name" pintype="Configuration" slicecount="1" values="||">
   </PIN>
   <PIN pinname="Layer Template Count" pintype="Configuration" slicecount="1" values="2">
   </PIN>
   <PIN pinname="Layer Template" pintype="Input" slicecount="1" values="||">
   </PIN>
   <PIN pinname="Layer 1" pintype="Input" visible="1">
   </PIN>
   <PIN pinname="ID" pintype="Output" visible="-1">
   </PIN>
   </NODE>
   <LINK dstnodeid="58" dstpinname="Layers" srcnodeid="41" srcpinname="Layer">
   </LINK>
   <NODE componentmode="InABox" hiddenwhenlocked="1" id="40" nodename="IOBox (Value Advanced)">
   <BOUNDS height="0" left="19815" top="1950" type="Node" width="0">
   </BOUNDS>
   <BOUNDS height="1725" left="19815" top="1950" type="Box" width="2775">
   </BOUNDS>
   <BOUNDS height="160" left="10635" top="5460" type="Window" width="215">
   </BOUNDS>
   <PIN pinname="Show Grid" slicecount="1" values="1">
   </PIN>
   <PIN pinname="Columns" slicecount="1" values="3">
   </PIN>
   <PIN pinname="Rows" slicecount="1" values="10">
   </PIN>
   <PIN pinname="SliceCount Mode" slicecount="1" values="Input">
   </PIN>
   <PIN pinname="Y Output Value" visible="1">
   </PIN>
   <PIN pinname="Y Input Value" slicecount="30" visible="1" values="0.178020909428596,0.623061180114746,-0.961986482143402,-0.366929918527603,0.503146529197693,-0.961985528469086,0.710473656654358,0.510233104228973,-0.963144242763519,0.0891243144869804,0.298381239175797,-0.959025323390961,-0.290610462427139,-0.0776871964335442,-0.941875398159027,0.584048748016357,-0.161315962672234,-0.942338883876801,-0.290222674608231,-0.517001330852509,-0.954575479030609,0.429220110177994,-0.882579147815704,-0.970161378383636,-0.384468644857407,-0.963399112224579,-0.972390115261078,0.707278430461884,-0.959601819515228,-0.970161378383636">
   </PIN>
   <PIN pinname="Descriptive Name" slicecount="1" values="|Default points|">
   </PIN>
   </NODE>
   <NODE componentmode="Hidden" id="39" nodename="OnOpen (VVVV)">
   <BOUNDS height="0" left="6645" top="1110" type="Node" width="0">
   </BOUNDS>
   <PIN pinname="Bang" visible="1">
   </PIN>
   </NODE>
   <NODE componentmode="InABox" id="38" nodename="IOBox (Value Advanced)">
   <BOUNDS height="0" left="5865" top="825" type="Node" width="0">
   </BOUNDS>
   <BOUNDS height="480" left="5865" top="825" type="Box" width="480">
   </BOUNDS>
   <BOUNDS height="160" left="5130" top="870" type="Window" width="215">
   </BOUNDS>
   <PIN pinname="Show Value" slicecount="1" values="0">
   </PIN>
   <PIN pinname="Show Slider" slicecount="1" values="1">
   </PIN>
   <PIN pinname="Minimum" slicecount="1" values="0">
   </PIN>
   <PIN pinname="Maximum" slicecount="1" values="1">
   </PIN>
   <PIN pinname="Slider Behavior" slicecount="1" values="Bang">
   </PIN>
   <PIN pinname="Descriptive Name" slicecount="1" values="Reset">
   </PIN>
   <PIN pinname="Y Output Value" visible="1">
   </PIN>
   <PIN pinname="X Input Value" slicecount="1" values="0">
   </PIN>
   <PIN pinname="Y Input Value" slicecount="1" values="0">
   </PIN>
   </NODE>
   <NODE componentmode="Hidden" id="37" nodename="OR (Boolean)">
   <BOUNDS height="0" left="6270" top="1560" type="Node" width="0">
   </BOUNDS>
   <PIN pinname="Input 1" visible="1">
   </PIN>
   <PIN pinname="Input 2" visible="1">
   </PIN>
   <PIN pinname="Output" visible="1">
   </PIN>
   </NODE>
   <LINK dstnodeid="37" dstpinname="Input 1" srcnodeid="38" srcpinname="Y Output Value">
   </LINK>
   <LINK dstnodeid="37" dstpinname="Input 2" srcnodeid="39" srcpinname="Bang">
   </LINK>
   <NODE componentmode="Hidden" id="36" nodename="OR (Boolean)">
   <BOUNDS height="0" left="8595" top="2070" type="Node" width="0">
   </BOUNDS>
   <PIN pinname="Output" visible="1">
   </PIN>
   <PIN pinname="Input 2" visible="1">
   </PIN>
   <PIN pinname="Input 1" visible="1">
   </PIN>
   </NODE>
   <LINK dstnodeid="61" dstpinname="Set" srcnodeid="36" srcpinname="Output">
   </LINK>
   <LINK dstnodeid="36" dstpinname="Input 2" srcnodeid="59" srcpinname="Output">
   </LINK>
   <NODE componentmode="Hidden" id="35" nodename="OR (Boolean)">
   <BOUNDS height="0" left="10860" top="2070" type="Node" width="0">
   </BOUNDS>
   <PIN pinname="Output" visible="1">
   </PIN>
   <PIN pinname="Input 2" visible="1">
   </PIN>
   <PIN pinname="Input 1" visible="1">
   </PIN>
   </NODE>
   <LINK dstnodeid="49" dstpinname="Set" srcnodeid="35" srcpinname="Output">
   </LINK>
   <LINK dstnodeid="35" dstpinname="Input 2" srcnodeid="50" srcpinname="Output">
   </LINK>
   <LINK dstnodeid="36" dstpinname="Input 1" linkstyle="VHV" srcnodeid="37" srcpinname="Output">
   <LINKPOINT x="6300" y="1950">
   </LINKPOINT>
   <LINKPOINT x="8625" y="1950">
   </LINKPOINT>
   </LINK>
   <LINK dstnodeid="35" dstpinname="Input 1" linkstyle="VHV" srcnodeid="37" srcpinname="Output">
   <LINKPOINT x="6300" y="1950">
   </LINKPOINT>
   <LINKPOINT x="10890" y="1950">
   </LINKPOINT>
   </LINK>
   <NODE componentmode="Hidden" id="34" nodename="Switch (Value Input)">
   <BOUNDS height="0" left="7575" top="2085" type="Node" width="0">
   </BOUNDS>
   <PIN pinname="Output" visible="1">
   </PIN>
   <PIN pinname="Switch" visible="1">
   </PIN>
   <PIN pinname="Input 1" visible="1">
   </PIN>
   <PIN pinname="Input 2" visible="1">
   </PIN>
   </NODE>
   <LINK dstnodeid="61" dstpinname="Input" srcnodeid="34" srcpinname="Output">
   </LINK>
   <LINK dstnodeid="34" dstpinname="Switch" linkstyle="VHV" srcnodeid="37" srcpinname="Output">
   <LINKPOINT x="6330" y="1943">
   </LINKPOINT>
   <LINKPOINT x="7575" y="1943">
   </LINKPOINT>
   </LINK>
   <LINK dstnodeid="34" dstpinname="Input 1" hiddenwhenlocked="1" linkstyle="Bezier" srcnodeid="74" srcpinname="Intersection Point XYZ">
   <LINKPOINT x="870" y="3585">
   </LINKPOINT>
   <LINKPOINT x="7860" y="3585">
   </LINKPOINT>
   </LINK>
   <NODE componentmode="Hidden" id="33" nodename="Switch (Value Input)">
   <BOUNDS height="0" left="9855" top="2085" type="Node" width="0">
   </BOUNDS>
   <PIN pinname="Output" visible="1">
   </PIN>
   <PIN pinname="Switch" visible="1">
   </PIN>
   <PIN pinname="Input 1" visible="1">
   </PIN>
   <PIN pinname="Input 2" visible="1">
   </PIN>
   </NODE>
   <LINK dstnodeid="49" dstpinname="Input" srcnodeid="33" srcpinname="Output">
   </LINK>
   <LINK dstnodeid="33" dstpinname="Switch" linkstyle="VHV" srcnodeid="37" srcpinname="Output">
   <LINKPOINT x="6330" y="1943">
   </LINKPOINT>
   <LINKPOINT x="9855" y="1943">
   </LINKPOINT>
   </LINK>
   <LINK dstnodeid="34" dstpinname="Input 2" hiddenwhenlocked="1" linkstyle="Bezier" srcnodeid="40" srcpinname="Y Output Value">
   <LINKPOINT x="22530" y="2865">
   </LINKPOINT>
   <LINKPOINT x="8190" y="2865">
   </LINKPOINT>
   </LINK>
   <NODE componentmode="Hidden" hiddenwhenlocked="1" id="32" nodename="Vector (2d Join)">
   <BOUNDS height="0" left="21735" top="4230" type="Node" width="0">
   </BOUNDS>
   <PIN pinname="X" visible="1">
   </PIN>
   <PIN pinname="Y" visible="1">
   </PIN>
   <PIN pinname="XY" visible="1">
   </PIN>
   </NODE>
   <NODE componentmode="Hidden" hiddenwhenlocked="1" id="31" nodename="Vector (3d Split)">
   <BOUNDS height="0" left="21720" top="3900" type="Node" width="0">
   </BOUNDS>
   <PIN pinname="X" visible="1">
   </PIN>
   <PIN pinname="Y" visible="1">
   </PIN>
   <PIN pinname="XYZ" visible="1">
   </PIN>
   </NODE>
   <LINK dstnodeid="32" dstpinname="X" hiddenwhenlocked="1" srcnodeid="31" srcpinname="X">
   </LINK>
   <LINK dstnodeid="32" dstpinname="Y" hiddenwhenlocked="1" srcnodeid="31" srcpinname="Y">
   </LINK>
   <LINK dstnodeid="31" dstpinname="XYZ" hiddenwhenlocked="1" srcnodeid="40" srcpinname="Y Output Value">
   </LINK>
   <LINK dstnodeid="33" dstpinname="Input 2" hiddenwhenlocked="1" linkstyle="Bezier" srcnodeid="32" srcpinname="XY">
   <LINKPOINT x="21735" y="3278">
   </LINKPOINT>
   <LINKPOINT x="10470" y="3278">
   </LINKPOINT>
   </LINK>
   <NODE componentmode="Hidden" id="30" nodename=":MODULES:\vvvv group\3D\Button (3d Quad).v4p" path="C:\vvvv\vvvv_40beta22\modules\vvvv group\3D\">
   <BOUNDS height="270" left="21225" top="6855" type="Node" width="2055">
   </BOUNDS>
   <BOUNDS height="3600" left="21225" top="6855" type="Box" width="4800">
   </BOUNDS>
   <BOUNDS height="6000" left="16590" top="4335" type="Window" width="9000">
   </BOUNDS>
   <PIN pinname="Transform Quad" visible="1">
   </PIN>
   <PIN pinname="Index of Nearest" visible="1">
   </PIN>
   <PIN pinname="Mouse X" visible="1">
   </PIN>
   <PIN pinname="Mouse Y" visible="1">
   </PIN>
   </NODE>
   <LINK dstnodeid="30" dstpinname="Transform Quad" srcnodeid="43" srcpinname="Transform Out">
   </LINK>
   <NODE componentmode="Hidden" id="29" nodename="S+H (Animation)">
   <BOUNDS height="0" left="22230" top="7785" type="Node" width="0">
   </BOUNDS>
   <PIN pinname="Input" visible="1">
   </PIN>
   <PIN pinname="Set" visible="1">
   </PIN>
   <PIN pinname="Output" visible="1">
   </PIN>
   </NODE>
   <LINK dstnodeid="29" dstpinname="Input" srcnodeid="30" srcpinname="Index of Nearest">
   </LINK>
   <NODE componentmode="Hidden" id="28" nodename="Count (Value)">
   <BOUNDS height="0" left="22650" top="7290" type="Node" width="0">
   </BOUNDS>
   <PIN pinname="Input" visible="1">
   </PIN>
   <PIN pinname="Count" visible="1">
   </PIN>
   </NODE>
   <LINK dstnodeid="28" dstpinname="Input" linkstyle="VHV" srcnodeid="30" srcpinname="Index of Nearest">
   <LINKPOINT x="22260" y="7200">
   </LINKPOINT>
   <LINKPOINT x="22680" y="7200">
   </LINKPOINT>
   </LINK>
   <LINK dstnodeid="29" dstpinname="Set" srcnodeid="28" srcpinname="Count">
   </LINK>
   <NODE componentmode="Hidden" id="27" nodename="FrameDelay (Animation)">
   <BOUNDS height="0" left="22230" top="8265" type="Node" width="0">
   </BOUNDS>
   <PIN pinname="Input 1" visible="1">
   </PIN>
   <PIN pinname="Output 1" visible="1">
   </PIN>
   </NODE>
   <LINK dstnodeid="27" dstpinname="Input 1" srcnodeid="29" srcpinname="Output">
   </LINK>
   <NODE componentmode="Hidden" id="26" nodename="Vector (2d Split)">
   <BOUNDS height="270" left="21870" top="6450" type="Node" width="735">
   </BOUNDS>
   <PIN pinname="X" visible="1">
   </PIN>
   <PIN pinname="Y" visible="1">
   </PIN>
   <PIN pinname="XY" visible="1">
   </PIN>
   </NODE>
   <LINK dstnodeid="30" dstpinname="Mouse X" srcnodeid="26" srcpinname="X">
   </LINK>
   <LINK dstnodeid="30" dstpinname="Mouse Y" srcnodeid="26" srcpinname="Y">
   </LINK>
   <LINK dstnodeid="26" dstpinname="XY" srcnodeid="48" srcpinname="XY">
   </LINK>
   <NODE componentmode="Hidden" id="25" nodename="Sphere (DX9)">
   <BOUNDS height="0" left="14880" top="6870" type="Node" width="0">
   </BOUNDS>
   <PIN pinname="Layer" visible="1">
   </PIN>
   <PIN pinname="Color" visible="1">
   </PIN>
   <PIN pinname="Transform" visible="1">
   </PIN>
   <PIN pinname="Texture" slicecount="1" visible="1" values="||">
   </PIN>
   <PIN pinname="Render State" visible="1">
   </PIN>
   <PIN pinname="Descriptive Name" slicecount="1" values="|target cursor|">
   </PIN>
   </NODE>
   <LINK dstnodeid="25" dstpinname="Color" srcnodeid="56" srcpinname="Output">
   </LINK>
   <LINK dstnodeid="25" dstpinname="Transform" linkstyle="VHV" srcnodeid="43" srcpinname="Transform Out">
   <LINKPOINT x="19305" y="6630">
   </LINKPOINT>
   <LINKPOINT x="15075" y="6630">
   </LINKPOINT>
   </LINK>
   <LINK dstnodeid="25" dstpinname="Render State" linkstyle="VHV" srcnodeid="42" srcpinname="Render State Out">
   <LINKPOINT x="13920" y="6810">
   </LINKPOINT>
   <LINKPOINT x="14910" y="6810">
   </LINKPOINT>
   </LINK>
   <LINK dstnodeid="41" dstpinname="Layer 2" srcnodeid="25" srcpinname="Layer">
   </LINK>
   <NODE componentmode="Hidden" id="24" nodename="Switch (Value Input)">
   <BOUNDS height="0" left="15840" top="5865" type="Node" width="0">
   </BOUNDS>
   <PIN pinname="Output" visible="1">
   </PIN>
   <PIN pinname="Input 1" slicecount="1" values="0.3">
   </PIN>
   <PIN pinname="Input 2" slicecount="1" values="1">
   </PIN>
   <PIN pinname="Switch" visible="1">
   </PIN>
   </NODE>
   <LINK dstnodeid="24" dstpinname="Switch" linkstyle="VHV" srcnodeid="63" srcpinname="Y Output Value">
   <LINKPOINT x="4770" y="5040">
   </LINKPOINT>
   <LINKPOINT x="15870" y="5040">
   </LINKPOINT>
   </LINK>
   <NODE componentmode="Hidden" id="23" nodename=":PLUGINS:\Int.dll|VVVV.Nodes.IntNode">
   <BOUNDS height="0" left="22230" top="9165" type="Node" width="0">
   </BOUNDS>
   <BOUNDS height="0" left="22230" top="9165" type="Box" width="0">
   </BOUNDS>
   <BOUNDS height="0" left="14295" top="7005" type="Window" width="0">
   </BOUNDS>
   <PIN pinname="Input" visible="1">
   </PIN>
   <PIN pinname="Output" visible="1">
   </PIN>
   </NODE>
   <NODE componentmode="Hidden" id="22" nodename=":MODULES:\vvvv group\Spreads\AvoidNIL (Spreads).v4p" path="C:\vvvv\vvvv_40beta22\modules\vvvv group\Spreads\">
   <BOUNDS height="0" left="22230" top="8730" type="Node" width="0">
   </BOUNDS>
   <BOUNDS height="3600" left="22230" top="8730" type="Box" width="4800">
   </BOUNDS>
   <BOUNDS height="6000" left="13275" top="8175" type="Window" width="9000">
   </BOUNDS>
   <PIN pinname="Input" visible="1">
   </PIN>
   <PIN pinname="Output" visible="1">
   </PIN>
   </NODE>
   <LINK dstnodeid="22" dstpinname="Input" srcnodeid="27" srcpinname="Output 1">
   </LINK>
   <LINK dstnodeid="23" dstpinname="Input" srcnodeid="22" srcpinname="Output">
   </LINK>
   <LINK dstnodeid="59" dstpinname="Input 1" srcnodeid="60" srcpinname="Output">
   </LINK>
   <LINK dstnodeid="50" dstpinname="Input 1" srcnodeid="51" srcpinname="Output">
   </LINK>
   <NODE componentmode="InABox" id="21" nodename="IOBox (String)">
   <BOUNDS height="1740" left="180" top="75" type="Node" width="5265">
   </BOUNDS>
   <BOUNDS height="2970" left="180" top="75" type="Box" width="3435">
   </BOUNDS>
   <BOUNDS height="160" left="0" top="0" type="Window" width="215">
   </BOUNDS>
   <PIN pinname="Input String" slicecount="1" visible="0" values="|==========&cr;&lf;INSTRUCTIONS&cr;&lf;==========&cr;&lf;Using the mouse, select a target point in the &apos;target&apos; window on the right hand side.&cr;&lf;&cr;&lf;You can move where the target is by dragging the point&cr;&lf;&cr;&lf;When you have a target point selected, you can choose a source position by dragging your mouse in the &apos;source&apos; window on the left hand side|">
   </PIN>
   <PIN pinname="Output String" visible="0">
   </PIN>
   <PIN pinname="Show Grid" slicecount="1" values="0">
   </PIN>
   </NODE>
   <NODE componentmode="Hidden" id="20" nodename="XFile (EX9.Geometry Load)">
   <BOUNDS height="0" left="315" top="3855" type="Node" width="0">
   </BOUNDS>
   <PIN pinname="Mesh" visible="1">
   </PIN>
   <PIN pinname="Filename" slicecount="1" values="KulturbrauereiCameraMapped3.x">
   </PIN>
   </NODE>
   <LINK dstnodeid="74" dstpinname="Mesh" linkstyle="VHV" srcnodeid="20" srcpinname="Mesh">
   <LINKPOINT x="360" y="4478">
   </LINKPOINT>
   <LINKPOINT x="810" y="4478">
   </LINKPOINT>
   </LINK>
   <LINK dstnodeid="75" dstpinname="Mesh" linkstyle="VHV" srcnodeid="20" srcpinname="Mesh">
   <LINKPOINT x="330" y="5288">
   </LINKPOINT>
   <LINKPOINT x="330" y="5288">
   </LINKPOINT>
   </LINK>
   <LINK dstnodeid="52" dstpinname="Mesh" linkstyle="VHV" srcnodeid="20" srcpinname="Mesh">
   <LINKPOINT x="345" y="5445">
   </LINKPOINT>
   <LINKPOINT x="12045" y="5445">
   </LINKPOINT>
   </LINK>
   <LINK dstnodeid="65" dstpinname="Y Input Value" hiddenwhenlocked="1" linkstyle="Bezier" srcnodeid="23" srcpinname="Output">
   <LINKPOINT x="24060" y="5505">
   </LINKPOINT>
   <LINKPOINT x="4755" y="5505">
   </LINKPOINT>
   </LINK>
   <NODE componentmode="Hidden" id="19" nodename=":EFFECTS:\Constant.fx">
   <BOUNDS height="0" left="4980" top="6465" type="Node" width="0">
   </BOUNDS>
   <BOUNDS height="6000" left="4980" top="6465" type="Box" width="6000">
   </BOUNDS>
   <BOUNDS height="12000" left="4815" top="4740" type="Window" width="12000">
   </BOUNDS>
   <PIN pinname="Mesh" visible="1">
   </PIN>
   <PIN pinname="Layer" visible="1">
   </PIN>
   <PIN pinname="Render State" visible="1">
   </PIN>
   </NODE>
   <LINK dstnodeid="19" dstpinname="Mesh" linkstyle="VHV" srcnodeid="20" srcpinname="Mesh">
   <LINKPOINT x="345" y="5445">
   </LINKPOINT>
   <LINKPOINT x="4860" y="5445">
   </LINKPOINT>
   </LINK>
   <LINK dstnodeid="73" dstpinname="Layer 3" srcnodeid="19" srcpinname="Layer">
   </LINK>
   <NODE componentmode="Hidden" id="18" nodename="Fill (EX9.RenderState)">
   <BOUNDS height="0" left="4995" top="6000" type="Node" width="0">
   </BOUNDS>
   <PIN pinname="Render State Out" visible="1">
   </PIN>
   <PIN pinname="Fill Mode" slicecount="1" values="WireFrame">
   </PIN>
   </NODE>
   <LINK dstnodeid="19" dstpinname="Render State" srcnodeid="18" srcpinname="Render State Out">
   </LINK>
   <NODE componentmode="Hidden" id="17" nodename="Integrate (Differential)">
   <BOUNDS height="0" left="150" top="17940" type="Node" width="0">
   </BOUNDS>
   <PIN pinname="Position In" visible="1">
   </PIN>
   <PIN pinname="Position Out" visible="1">
   </PIN>
   </NODE>
   <NODE componentmode="Hidden" id="16" nodename="FrameVelocity (Animation)">
   <BOUNDS height="0" left="165" top="17055" type="Node" width="0">
   </BOUNDS>
   <PIN pinname="Input" visible="1">
   </PIN>
   <PIN pinname="Output" visible="1">
   </PIN>
   <PIN pinname="Position" visible="1">
   </PIN>
   <PIN pinname="Velocity" visible="1">
   </PIN>
   </NODE>
   <NODE componentmode="Hidden" id="15" nodename="Translate (Transform)">
   <BOUNDS height="270" left="2460" top="20220" type="Node" width="3840">
   </BOUNDS>
   <PIN pinname="Y" visible="1">
   </PIN>
   <PIN pinname="Transform Out" visible="1">
   </PIN>
   <PIN pinname="Transform In" visible="1">
   </PIN>
   <PIN pinname="Z" slicecount="1" values="1.32">
   </PIN>
   <PIN pinname="X" visible="1">
   </PIN>
   </NODE>
   <LINK dstnodeid="76" dstpinname="View Transform" hiddenwhenlocked="1" linkstyle="Bezier" srcnodeid="15" srcpinname="Transform Out">
   <LINKPOINT x="2490" y="14078">
   </LINKPOINT>
   <LINKPOINT x="8595" y="14078">
   </LINKPOINT>
   </LINK>
   <NODE componentmode="Hidden" id="14" nodename="Multiply (Value)">
   <BOUNDS height="270" left="165" top="17475" type="Node" width="5490">
   </BOUNDS>
   <PIN pinname="Output" visible="1">
   </PIN>
   <PIN pinname="Input 1" visible="1">
   </PIN>
   <PIN pinname="Input 2" visible="1">
   </PIN>
   </NODE>
   <LINK dstnodeid="17" dstpinname="Position In" srcnodeid="14" srcpinname="Output">
   </LINK>
   <LINK dstnodeid="14" dstpinname="Input 1" srcnodeid="16" srcpinname="Velocity">
   </LINK>
   <LINK dstnodeid="14" dstpinname="Input 2" srcnodeid="76" srcpinname="Right Button">
   </LINK>
   <NODE componentmode="Hidden" id="13" nodename="Vector (2d Join)">
   <BOUNDS height="270" left="165" top="16695" type="Node" width="1410">
   </BOUNDS>
   <PIN pinname="X" visible="1">
   </PIN>
   <PIN pinname="Y" visible="1">
   </PIN>
   <PIN pinname="XY" visible="1">
   </PIN>
   </NODE>
   <LINK dstnodeid="13" dstpinname="X" srcnodeid="76" srcpinname="X">
   </LINK>
   <LINK dstnodeid="13" dstpinname="Y" srcnodeid="76" srcpinname="Y">
   </LINK>
   <LINK dstnodeid="16" dstpinname="Position" srcnodeid="13" srcpinname="XY">
   </LINK>
   <NODE componentmode="Hidden" id="12" nodename="Vector (2d Split)">
   <BOUNDS height="270" left="3090" top="18780" type="Node" width="1935">
   </BOUNDS>
   <PIN pinname="XY" visible="1">
   </PIN>
   <PIN pinname="X" visible="1">
   </PIN>
   <PIN pinname="Y" visible="1">
   </PIN>
   </NODE>
   <LINK dstnodeid="12" dstpinname="XY" linkstyle="VHV" srcnodeid="17" srcpinname="Position Out">
   <LINKPOINT x="210" y="18480">
   </LINKPOINT>
   <LINKPOINT x="3090" y="18480">
   </LINKPOINT>
   </LINK>
   <NODE componentmode="Hidden" id="11" nodename="Rotate (Transform)">
   <BOUNDS height="0" left="2460" top="19740" type="Node" width="0">
   </BOUNDS>
   <PIN pinname="Transform Out" visible="1">
   </PIN>
   <PIN pinname="Y" visible="1">
   </PIN>
   </NODE>
   <LINK dstnodeid="15" dstpinname="Transform In" srcnodeid="11" srcpinname="Transform Out">
   </LINK>
   <LINK dstnodeid="15" dstpinname="Y" srcnodeid="12" srcpinname="Y">
   </LINK>
   <NODE componentmode="Hidden" id="10" nodename="Perspective (Transform)">
   <BOUNDS height="0" left="6690" top="20220" type="Node" width="0">
   </BOUNDS>
   <PIN pinname="Transform Out" visible="1">
   </PIN>
   <PIN pinname="FOV" slicecount="1" values="0.1">
   </PIN>
   </NODE>
   <LINK dstnodeid="76" dstpinname="Projection Transform" hiddenwhenlocked="1" linkstyle="Bezier" srcnodeid="10" srcpinname="Transform Out">
   <LINKPOINT x="6720" y="14078">
   </LINKPOINT>
   <LINKPOINT x="9825" y="14078">
   </LINKPOINT>
   </LINK>
   <NODE componentmode="Hidden" id="9" nodename="Switch (Value Input)">
   <BOUNDS height="0" left="3900" top="5625" type="Node" width="0">
   </BOUNDS>
   <PIN pinname="Switch" visible="1">
   </PIN>
   <PIN pinname="Output" visible="1">
   </PIN>
   <PIN pinname="Input 2" slicecount="1" values="1">
   </PIN>
   <PIN pinname="Input 1" slicecount="1" values="0.3">
   </PIN>
   </NODE>
   <LINK dstnodeid="9" dstpinname="Switch" linkstyle="VHV" srcnodeid="63" srcpinname="Y Output Value">
   <LINKPOINT x="4740" y="5168">
   </LINKPOINT>
   <LINKPOINT x="4110" y="5168">
   </LINKPOINT>
   </LINK>
   <LINK dstnodeid="70" dstpinname="Hue" srcnodeid="9" srcpinname="Output">
   </LINK>
   <LINK dstnodeid="56" dstpinname="Hue" srcnodeid="24" srcpinname="Output">
   </LINK>
   <NODE componentmode="Hidden" id="8" nodename="MapRange (Value)">
   <BOUNDS height="0" left="3720" top="19830" type="Node" width="0">
   </BOUNDS>
   <PIN pinname="Input 1" visible="1">
   </PIN>
   <PIN pinname="Input" visible="1">
   </PIN>
   <PIN pinname="Output" visible="1">
   </PIN>
   <PIN pinname="Destination Center" slicecount="1" values="-0.21">
   </PIN>
   <PIN pinname="Source Width" slicecount="1" values="-30">
   </PIN>
   <PIN pinname="Source Center" slicecount="1" values="0">
   </PIN>
   </NODE>
   <LINK dstnodeid="15" dstpinname="X" srcnodeid="8" srcpinname="Output">
   </LINK>
   <NODE componentmode="Hidden" id="7" nodename="Subtract (Value)">
   <BOUNDS height="0" left="2850" top="19170" type="Node" width="0">
   </BOUNDS>
   <PIN pinname="Input 2" visible="1">
   </PIN>
   <PIN pinname="Output" visible="1">
   </PIN>
   </NODE>
   <LINK dstnodeid="7" dstpinname="Input 2" srcnodeid="12" srcpinname="X">
   </LINK>
   <LINK dstnodeid="11" dstpinname="Y" srcnodeid="7" srcpinname="Output">
   </LINK>
   <NODE componentmode="Hidden" id="6" nodename="Mouse (System Window)">
   <BOUNDS height="0" left="3390" top="19365" type="Node" width="0">
   </BOUNDS>
   <PIN pinname="Mouse Wheel" visible="1">
   </PIN>
   </NODE>
   <LINK dstnodeid="8" dstpinname="Input" srcnodeid="6" srcpinname="Mouse Wheel">
   </LINK>
   <NODE componentmode="Hidden" id="5" nodename="Multiply (Transform)">
   <BOUNDS height="270" left="2460" top="20670" type="Node" width="4275">
   </BOUNDS>
   <PIN pinname="Transform In 1" visible="1">
   </PIN>
   <PIN pinname="Transform In 2" visible="1">
   </PIN>
   <PIN pinname="Transform Out" visible="1">
   </PIN>
   </NODE>
   <LINK dstnodeid="5" dstpinname="Transform In 1" srcnodeid="15" srcpinname="Transform Out">
   </LINK>
   <LINK dstnodeid="5" dstpinname="Transform In 2" srcnodeid="10" srcpinname="Transform Out">
   </LINK>
   <LINK dstnodeid="66" dstpinname="Source" hiddenwhenlocked="1" linkstyle="Bezier" srcnodeid="5" srcpinname="Transform Out">
   <LINKPOINT x="2490" y="12158">
   </LINKPOINT>
   <LINKPOINT x="2670" y="12158">
   </LINKPOINT>
   </LINK>
   <LINK dstnodeid="59" dstpinname="Input 2" hiddenwhenlocked="1" linkstyle="Bezier" srcnodeid="76" srcpinname="Left Button">
   <LINKPOINT x="2895" y="9053">
   </LINKPOINT>
   <LINKPOINT x="9420" y="9053">
   </LINKPOINT>
   </LINK>
   <NODE componentmode="InABox" id="4" nodename="IOBox (String)">
   <BOUNDS height="900" left="9195" top="6735" type="Node" width="1800">
   </BOUNDS>
   <BOUNDS height="900" left="9195" top="6735" type="Box" width="1800">
   </BOUNDS>
   <BOUNDS height="160" left="0" top="0" type="Window" width="215">
   </BOUNDS>
   <PIN pinname="Input String" slicecount="1" visible="0" values="|TO NAVIGATE&cr;&lf;========&cr;&lf;Drag with right mouse&cr;&lf;and scroll mouse wheel|">
   </PIN>
   <PIN pinname="Output String" visible="0">
   </PIN>
   <PIN pinname="Show Grid" slicecount="1" values="0">
   </PIN>
   </NODE>
   <LINK dstnodeid="52" dstpinname="coefficients" linkstyle="Bezier" srcnodeid="46" srcpinname="Y Output Value">
   <LINKPOINT x="13770" y="5273">
   </LINKPOINT>
   <LINKPOINT x="12990" y="5273">
   </LINKPOINT>
   </LINK>
   <LINK dstnodeid="52" dstpinname="basisindicies" linkstyle="Bezier" srcnodeid="45" srcpinname="Y Output Value">
   <LINKPOINT x="16320" y="5265">
   </LINKPOINT>
   <LINKPOINT x="13170" y="5265">
   </LINKPOINT>
   </LINK>
   <LINK dstnodeid="33" dstpinname="Input 1" hiddenwhenlocked="1" linkstyle="Bezier" srcnodeid="48" srcpinname="XY">
   <LINKPOINT x="11565" y="9578">
   </LINKPOINT>
   <LINKPOINT x="10170" y="9578">
   </LINKPOINT>
   </LINK>
   <NODE componentmode="InABox" id="3" nodename="IOBox (Value Advanced)">
   <BOUNDS height="0" left="12690" top="165" type="Node" width="0">
   </BOUNDS>
   <BOUNDS height="960" left="12690" top="165" type="Box" width="765">
   </BOUNDS>
   <BOUNDS height="160" left="8055" top="4380" type="Window" width="215">
   </BOUNDS>
   <PIN pinname="Show Value" slicecount="1" values="0">
   </PIN>
   <PIN pinname="Show Slider" slicecount="1" values="1">
   </PIN>
   <PIN pinname="Minimum" slicecount="1" values="0">
   </PIN>
   <PIN pinname="Maximum" slicecount="1" values="1">
   </PIN>
   <PIN pinname="Slider Behavior" slicecount="1" values="Toggle">
   </PIN>
   <PIN pinname="Descriptive Name" slicecount="1" values="|Switch order 1/2|">
   </PIN>
   <PIN pinname="Y Output Value" visible="1">
   </PIN>
   <PIN pinname="X Input Value" slicecount="1" values="1">
   </PIN>
   <PIN pinname="Y Input Value" slicecount="1" values="1">
   </PIN>
   </NODE>
   <NODE componentmode="Hidden" id="2" nodename="Switch (Node Input)">
   <BOUNDS height="0" left="11565" top="6930" type="Node" width="0">
   </BOUNDS>
   <PIN pinname="Input 1" visible="1">
   </PIN>
   <PIN pinname="Output" visible="1">
   </PIN>
   <PIN pinname="Input 2" visible="1">
   </PIN>
   <PIN pinname="Switch" visible="1">
   </PIN>
   </NODE>
   <LINK dstnodeid="2" dstpinname="Input 1" srcnodeid="52" srcpinname="Layer">
   </LINK>
   <LINK dstnodeid="41" dstpinname="Layer 1" srcnodeid="2" srcpinname="Output">
   </LINK>
   <NODE componentmode="Hidden" id="1" nodename="poly - 10coefficients.fx">
   <BOUNDS height="100" left="12120" top="6525" type="Node" width="100">
   </BOUNDS>
   <BOUNDS height="12000" left="-75" top="150" type="Window" width="12000">
   </BOUNDS>
   <BOUNDS left="12120" top="6525" type="Box">
   </BOUNDS>
   <PIN pinname="Layer" visible="1">
   </PIN>
   <PIN pinname="coefficients" visible="1">
   </PIN>
   <PIN pinname="basisindicies" visible="1">
   </PIN>
   <PIN pinname="Mesh" visible="1">
   </PIN>
   <PIN pinname="Render State" visible="1">
   </PIN>
   </NODE>
   <LINK dstnodeid="2" dstpinname="Input 2" srcnodeid="1" srcpinname="Layer">
   </LINK>
   <LINK dstnodeid="1" dstpinname="coefficients" linkstyle="Bezier" srcnodeid="46" srcpinname="Y Output Value">
   <LINKPOINT x="13770" y="5445">
   </LINKPOINT>
   <LINKPOINT x="12945" y="5445">
   </LINKPOINT>
   </LINK>
   <LINK dstnodeid="1" dstpinname="basisindicies" linkstyle="Bezier" srcnodeid="45" srcpinname="Y Output Value">
   <LINKPOINT x="16320" y="5438">
   </LINKPOINT>
   <LINKPOINT x="13125" y="5438">
   </LINKPOINT>
   </LINK>
   <NODE componentmode="Hidden" id="0" nodename="Switch (Value Input)">
   <BOUNDS height="0" left="16320" top="1095" type="Node" width="0">
   </BOUNDS>
   <PIN pinname="Switch" visible="1">
   </PIN>
   <PIN pinname="Output" visible="1">
   </PIN>
   <PIN pinname="Input 1" slicecount="1" values="1">
   </PIN>
   <PIN pinname="Input 2" slicecount="1" values="2">
   </PIN>
   </NODE>
   <LINK dstnodeid="0" dstpinname="Switch" hiddenwhenlocked="1" srcnodeid="3" srcpinname="Y Output Value">
   </LINK>
   <LINK dstnodeid="2" dstpinname="Switch" hiddenwhenlocked="1" srcnodeid="3" srcpinname="Y Output Value">
   </LINK>
   <LINK dstnodeid="1" dstpinname="Mesh" linkstyle="VHV" srcnodeid="20" srcpinname="Mesh">
   <LINKPOINT x="345" y="5445">
   </LINKPOINT>
   <LINKPOINT x="12315" y="5445">
   </LINKPOINT>
   </LINK>
   <LINK dstnodeid="1" dstpinname="Render State" linkstyle="VHV" srcnodeid="44" srcpinname="Render State Out">
   <LINKPOINT x="11490" y="6090">
   </LINKPOINT>
   <LINKPOINT x="12150" y="6090">
   </LINKPOINT>
   </LINK>
   <NODE nodename="polyfitND.dll" componentmode="InAWindow" id="77">
   <BOUNDS type="Node" left="13785" top="1635" width="5160" height="270">
   </BOUNDS>
   <PIN pinname="Coefficients" visible="1">
   </PIN>
   <PIN pinname="Bases indicies" visible="1">
   </PIN>
   <PIN pinname="Output Dimensions" slicecount="1" values="2">
   </PIN>
   <PIN pinname="x " visible="1">
   </PIN>
   <PIN pinname="x&apos; " visible="1">
   </PIN>
   <PIN pinname="Order" visible="1">
   </PIN>
   <BOUNDS type="Box" left="13785" top="1635">
   </BOUNDS>
   </NODE>
   <LINK srcnodeid="77" srcpinname="Coefficients" dstnodeid="46" dstpinname="Y Input Value">
   </LINK>
   <LINK srcnodeid="77" srcpinname="Bases indicies" dstnodeid="45" dstpinname="Y Input Value">
   </LINK>
   <LINK srcnodeid="62" srcpinname="Y Output Value" dstnodeid="77" dstpinname="x " linkstyle="Bezier">
   <LINKPOINT x="7635" y="3135">
   </LINKPOINT>
   <LINKPOINT x="13785" y="3135">
   </LINKPOINT>
   </LINK>
   <LINK srcnodeid="55" srcpinname="Y Output Value" dstnodeid="77" dstpinname="x&apos; " linkstyle="Bezier">
   <LINKPOINT x="9900" y="3128">
   </LINKPOINT>
   <LINKPOINT x="15060" y="3128">
   </LINKPOINT>
   </LINK>
   <LINK srcnodeid="0" srcpinname="Output" dstnodeid="77" dstpinname="Order">
   </LINK>
   </PATCH>